USE krautundrueben;

/* ------------------------------------ */
/* KUNDEN */
/* ------------------------------------ */

INSERT INTO KUNDE (KUNDENNR, NACHNAME, VORNAME, GEBURTSDATUM, STRASSE, HAUSNR, PLZ, ORT, TELEFON, EMAIL) VALUES (2001, 'Wellensteyn','Kira','1990-05-05','Eppendorfer Landstrasse', '104', '20249','Hamburg','040/443322','k.wellensteyn@yahoo.de');

INSERT INTO KUNDE (KUNDENNR, NACHNAME, VORNAME, GEBURTSDATUM, STRASSE, HAUSNR, PLZ, ORT, TELEFON, EMAIL) VALUES (2002, 'Foede','Dorothea','2000-03-24','Ohmstraße', '23', '22765','Hamburg','040/543822','d.foede@web.de');

INSERT INTO KUNDE (KUNDENNR, NACHNAME, VORNAME, GEBURTSDATUM, STRASSE, HAUSNR, PLZ, ORT, TELEFON, EMAIL) VALUES (2003, 'Leberer','Sigrid','1989-09-21','Bilser Berg', '6', '20459','Hamburg','0175/1234588','sigrid@leberer.de');

INSERT INTO KUNDE (KUNDENNR, NACHNAME, VORNAME, GEBURTSDATUM, STRASSE, HAUSNR, PLZ, ORT, TELEFON, EMAIL) VALUES (2004, 'Soerensen','Hanna','1974-04-03','Alter Teichweg', '95', '22049','Hamburg','040/634578','h.soerensen@yahoo.de');

INSERT INTO KUNDE (KUNDENNR, NACHNAME, VORNAME, GEBURTSDATUM, STRASSE, HAUSNR, PLZ, ORT, TELEFON, EMAIL) VALUES (2005, 'Schnitter','Marten','1964-04-17','Stübels', '10', '22835','Barsbüttel','0176/447587','schni_mart@gmail.com');

INSERT INTO KUNDE (KUNDENNR, NACHNAME, VORNAME, GEBURTSDATUM, STRASSE, HAUSNR, PLZ, ORT, TELEFON, EMAIL) VALUES (2006, 'Maurer','Belinda','1978-09-09','Grotelertwiete', '4a', '21075','Hamburg','040/332189','belinda1978@yahoo.de');

INSERT INTO KUNDE (KUNDENNR, NACHNAME, VORNAME, GEBURTSDATUM, STRASSE, HAUSNR, PLZ, ORT, TELEFON, EMAIL) VALUES (2007, 'Gessert','Armin','1978-01-29','Küstersweg', '3', '21079','Hamburg','040/67890','armin@gessert.de');

INSERT INTO KUNDE (KUNDENNR, NACHNAME, VORNAME, GEBURTSDATUM, STRASSE, HAUSNR, PLZ, ORT, TELEFON, EMAIL) VALUES (2008, 'Haessig','Jean-Marc','1982-08-30','Neugrabener Bahnhofstraße', '30', '21149','Hamburg','0178-67013390','jm@haessig.de');

INSERT INTO KUNDE (KUNDENNR, NACHNAME, VORNAME, GEBURTSDATUM, STRASSE, HAUSNR, PLZ, ORT, TELEFON, EMAIL) VALUES (2009, 'Urocki','Eric','1999-12-04','Elbchaussee', '228', '22605','Hamburg','0152-96701390','urocki@outlook.de');

/* ------------------------------------ */
/* LIEFERANTEN */
/* ------------------------------------ */

INSERT INTO LIEFERANT (LIEFERANTENNR, LIEFERANTENNAME, STRASSE, HAUSNR, PLZ, ORT, TELEFON, EMAIL) values (101, 'Bio-Hof Müller', 'Dorfstraße', '74', '24354', 'Weseby', '04354-9080', 'mueller@biohof.de');

INSERT INTO LIEFERANT (LIEFERANTENNR, LIEFERANTENNAME, STRASSE, HAUSNR, PLZ, ORT, TELEFON, EMAIL) values (102, 'Obst-Hof Altes Land', 'Westerjork 74', '76', '21635', 'Jork', '04162-4523', 'info@biohof-altesland.de');

INSERT INTO LIEFERANT (LIEFERANTENNR, LIEFERANTENNAME, STRASSE, HAUSNR, PLZ, ORT, TELEFON, EMAIL) values (103, 'Molkerei Henning', 'Molkereiwegkundekunde', '13','19217', 'Dechow', '038873-8976', 'info@molkerei-henning.de');

/* ------------------------------------ */
/* ZUTATEN */
/* ------------------------------------ */

INSERT INTO ZUTAT (ZUTATENNR, BEZEICHNUNG, EINHEIT, NETTOPREIS, BESTAND, lieferant, KALORIEN, KOHLENHYDRATE, PROTEIN) VALUES (1,'Zutat 1 Vegetarisch Zone Al1','Stück', 0.89, 100, 101,19,2,1.6);
INSERT INTO ZUTAT (ZUTATENNR, BEZEICHNUNG, EINHEIT, NETTOPREIS, BESTAND, lieferant, KALORIEN, KOHLENHYDRATE, PROTEIN) VALUES (2,'Zutat 2 Vegetarisch Zone Al1','Stück', 0.15, 50, 101, 28, 4.9, 1.20);
INSERT INTO ZUTAT (ZUTATENNR, BEZEICHNUNG, EINHEIT, NETTOPREIS, BESTAND, lieferant, KALORIEN, KOHLENHYDRATE, PROTEIN) VALUES (3, 'Zutat 3 Vegetarisch Zone Al1', 'Stück', 0.45, 50, 101, 18, 2.6, 1);
INSERT INTO ZUTAT (ZUTATENNR, BEZEICHNUNG, EINHEIT, NETTOPREIS, BESTAND, lieferant, KALORIEN, KOHLENHYDRATE, PROTEIN) VALUES (4, 'Zutat 4 Vegetarisch Vegan Zone', 'Stück', 0.20, 500, 101, 25, 3.3, 1.5);
INSERT INTO ZUTAT (ZUTATENNR, BEZEICHNUNG, EINHEIT, NETTOPREIS, BESTAND, lieferant, KALORIEN, KOHLENHYDRATE, PROTEIN) VALUES (5, 'Zutat 5 Vegetarisch Vegan Zone', 'Stück', 0.30, 500, 101, 41, 10, 0.9);
INSERT INTO ZUTAT (ZUTATENNR, BEZEICHNUNG, EINHEIT, NETTOPREIS, BESTAND, lieferant, KALORIEN, KOHLENHYDRATE, PROTEIN) VALUES (6, 'Zutat 6 Vegetarisch Vegan Atkins Zone', 'Stück', 0.15, 1500, 101, 71, 14.6, 2);
INSERT INTO ZUTAT (ZUTATENNR, BEZEICHNUNG, EINHEIT, NETTOPREIS, BESTAND, lieferant, KALORIEN, KOHLENHYDRATE, PROTEIN) VALUES (7, 'Zutat 7 Vegetarisch Vegan Atkins Zone', 'Bund', 0.90, 10, 101, 27, 2.1, 2.6);
INSERT INTO ZUTAT (ZUTATENNR, BEZEICHNUNG, EINHEIT, NETTOPREIS, BESTAND, lieferant, KALORIEN, KOHLENHYDRATE, PROTEIN) VALUES (8, 'Zutat 8 Vegetarisch Vegan Atkins Zone', 'Stück', 1.2, 35, 101, 29, 3.3, 2.1);
INSERT INTO ZUTAT (ZUTATENNR, BEZEICHNUNG, EINHEIT, NETTOPREIS, BESTAND, lieferant, KALORIEN, KOHLENHYDRATE, PROTEIN) VALUES (9, 'Zutat 9 Vegan Atkins Zone Al2', 'Stück', 0.25, 250, 101, 141, 28.4, 6.1);
INSERT INTO ZUTAT (ZUTATENNR, BEZEICHNUNG, EINHEIT, NETTOPREIS, BESTAND, lieferant, KALORIEN, KOHLENHYDRATE, PROTEIN) VALUES (10, 'Zutat 10 Vegan Atkins Zone Al2', 'Bund', 1.3, 10, 101, 41, 5.1, 3.1);
INSERT INTO ZUTAT (ZUTATENNR, BEZEICHNUNG, EINHEIT, NETTOPREIS, BESTAND, lieferant, KALORIEN, KOHLENHYDRATE, PROTEIN) VALUES (11, 'Zutat 11 Atkins Zone Al2', 'Stück', 2.0, 200, 101, 86, 20, 1.6);
INSERT INTO ZUTAT (ZUTATENNR, BEZEICHNUNG, EINHEIT, NETTOPREIS, BESTAND, lieferant, KALORIEN, KOHLENHYDRATE, PROTEIN) VALUES (12, 'Zutat 12 Atkins Zone Al2', 'Bund', 0.9, 10, 101, 28, 1, 3);
INSERT INTO ZUTAT (ZUTATENNR, BEZEICHNUNG, EINHEIT, NETTOPREIS, BESTAND, lieferant, KALORIEN, KOHLENHYDRATE, PROTEIN) VALUES (13, 'Zutat 13 Atkins Zone Al2', 'Stück', 1.2, 750, 102, 54, 14.4, 0.3);
INSERT INTO ZUTAT (ZUTATENNR, BEZEICHNUNG, EINHEIT, NETTOPREIS, BESTAND, lieferant, KALORIEN, KOHLENHYDRATE, PROTEIN) VALUES (14, 'Zutat 14 Atkins Zone Al2', 'Liter', 1.5, 50, 103, 65, 4.7, 3.4);
INSERT INTO ZUTAT (ZUTATENNR, BEZEICHNUNG, EINHEIT, NETTOPREIS, BESTAND, lieferant, KALORIEN, KOHLENHYDRATE, PROTEIN) VALUES (15, 'Zutat 15 Atkins Zone Al2', 'Packung', 3.5, 20, 103, 241, 1, 18.1);
INSERT INTO ZUTAT (ZUTATENNR, BEZEICHNUNG, EINHEIT, NETTOPREIS, BESTAND, lieferant, KALORIEN, KOHLENHYDRATE, PROTEIN) VALUES (16, 'Zutat 16 Atkins Zone Al2', 'Stück', 3.0, 50, 103, 741, 0.6, 0.7);
INSERT INTO ZUTAT (ZUTATENNR, BEZEICHNUNG, EINHEIT, NETTOPREIS, BESTAND, lieferant, KALORIEN, KOHLENHYDRATE, PROTEIN) VALUES (17, 'Zutat 17 Atkins Zone Al2', 'Stück', 0.4, 300, 102, 137, 1.5, 11.9);
INSERT INTO ZUTAT (ZUTATENNR, BEZEICHNUNG, EINHEIT, NETTOPREIS, BESTAND, lieferant, KALORIEN, KOHLENHYDRATE, PROTEIN) VALUES (18, 'Zutat 18 Atkins Zone Al2', 'Paar', 1.8, 40, 101, 331, 1.2, 9.9);
INSERT INTO ZUTAT (ZUTATENNR, BEZEICHNUNG, EINHEIT, NETTOPREIS, BESTAND, lieferant, KALORIEN, KOHLENHYDRATE, PROTEIN) VALUES (19, 'Zutat 19 Zone Al2', 'Stück', 1.8, 20, 103, 252, 7, 17);
INSERT INTO ZUTAT (ZUTATENNR, BEZEICHNUNG, EINHEIT, NETTOPREIS, BESTAND, lieferant, KALORIEN, KOHLENHYDRATE, PROTEIN) VALUES (20, 'Zutat 20 Zone Al2', 'Packung', 1.9, 15, 102, 351, 67, 12);

/* ------------------------------------ */
/* BESTELLUNGEN */
/* ------------------------------------ */

INSERT INTO BESTELLUNG (KUNDENNR, BESTELLDATUM, RECHNUNGSBETRAG) VALUES (2001,'2020-07-01', 6.21);

INSERT INTO BESTELLUNG (KUNDENNR, BESTELLDATUM, RECHNUNGSBETRAG) VALUES (2002,'2020-07-08', 32.96);

/* ------------------------------------ */
/* BESTELLUNGSZUTATEN (Hilfstabelle) */
/* ------------------------------------ */

INSERT INTO BESTELLUNGZUTAT(BESTELLNR, ZUTATENNR, MENGE) VALUES (1, 1, 5);

INSERT INTO BESTELLUNGZUTAT(BESTELLNR, ZUTATENNR, MENGE) VALUES (1, 2, 3);

INSERT INTO BESTELLUNGZUTAT(BESTELLNR, ZUTATENNR, MENGE) VALUES (1, 6, 2);

INSERT INTO BESTELLUNGZUTAT(BESTELLNR, ZUTATENNR, MENGE) VALUES (1, 4, 3);

INSERT INTO BESTELLUNGZUTAT(BESTELLNR, ZUTATENNR, MENGE) VALUES (2, 1, 10);

INSERT INTO BESTELLUNGZUTAT(BESTELLNR, ZUTATENNR, MENGE) VALUES (2, 5, 5);

/* ------------------------------------ */
/* REZEPTE */
/* ------------------------------------ */

INSERT INTO REZEPTE(REZEPTNR, REZEPTNAME, REZEPTLINK) VALUES (1, 'Rezept 1 Vegetarisch Al1', 'https://www.test.de/');
INSERT INTO REZEPTE(REZEPTNR, REZEPTNAME, REZEPTLINK) VALUES (2, 'Rezept 2 Vegetarisch Vegan Al1', 'https://www.test.de/');
INSERT INTO REZEPTE(REZEPTNR, REZEPTNAME, REZEPTLINK) VALUES (3, 'Rezept 3 Vegetarisch Vegan Al1', 'https://www.test.de/');
INSERT INTO REZEPTE(REZEPTNR, REZEPTNAME, REZEPTLINK) VALUES (4, 'Rezept 4 Vegan Atkins Zone Al1', 'https://www.test.de/');
INSERT INTO REZEPTE(REZEPTNR, REZEPTNAME, REZEPTLINK) VALUES (5, 'Rezept 5 Vegan Atkins Zone Al1', 'https://www.test.de/');
INSERT INTO REZEPTE(REZEPTNR, REZEPTNAME, REZEPTLINK) VALUES (6, 'Rezept 6 Atkins Zone', 'https://www.test.de/');
INSERT INTO REZEPTE(REZEPTNR, REZEPTNAME, REZEPTLINK) VALUES (7, 'Rezept 7 Atkins Zone', 'https://www.test.de/');
INSERT INTO REZEPTE(REZEPTNR, REZEPTNAME, REZEPTLINK) VALUES (8, 'Rezept 8 Atkins Zone Al2', 'https://www.test.de/');
INSERT INTO REZEPTE(REZEPTNR, REZEPTNAME, REZEPTLINK) VALUES (9, 'Rezept 9 Zone Al2', 'https://www.test.de/');
INSERT INTO REZEPTE(REZEPTNR, REZEPTNAME, REZEPTLINK) VALUES (10, 'Rezept 10 Zone Al2', 'https://www.test.de/');

/* ------------------------------------ */
/* REZEPTEZUTAT (Hilfstabelle) */
/* ------------------------------------ */

INSERT INTO REZEPTEZUTAT(REZEPTNR, ZUTATENNR, MENGE) VALUES (1, 1, 2.5);
INSERT INTO REZEPTEZUTAT(REZEPTNR, ZUTATENNR, MENGE) VALUES (1, 2, 2.5);
INSERT INTO REZEPTEZUTAT(REZEPTNR, ZUTATENNR, MENGE) VALUES (2, 20, 2.5);
INSERT INTO REZEPTEZUTAT(REZEPTNR, ZUTATENNR, MENGE) VALUES (2, 3, 2.5);
INSERT INTO REZEPTEZUTAT(REZEPTNR, ZUTATENNR, MENGE) VALUES (3, 19, 2.5);
INSERT INTO REZEPTEZUTAT(REZEPTNR, ZUTATENNR, MENGE) VALUES (3, 4, 2.5);
INSERT INTO REZEPTEZUTAT(REZEPTNR, ZUTATENNR, MENGE) VALUES (4, 18, 2.5);
INSERT INTO REZEPTEZUTAT(REZEPTNR, ZUTATENNR, MENGE) VALUES (4, 5, 2.5);
INSERT INTO REZEPTEZUTAT(REZEPTNR, ZUTATENNR, MENGE) VALUES (5, 17, 2.5);
INSERT INTO REZEPTEZUTAT(REZEPTNR, ZUTATENNR, MENGE) VALUES (5, 6, 2.5);
INSERT INTO REZEPTEZUTAT(REZEPTNR, ZUTATENNR, MENGE) VALUES (6, 16, 2.5);
INSERT INTO REZEPTEZUTAT(REZEPTNR, ZUTATENNR, MENGE) VALUES (6, 7, 2.5);
INSERT INTO REZEPTEZUTAT(REZEPTNR, ZUTATENNR, MENGE) VALUES (7, 15, 2.5);
INSERT INTO REZEPTEZUTAT(REZEPTNR, ZUTATENNR, MENGE) VALUES (7, 8, 2.5);
INSERT INTO REZEPTEZUTAT(REZEPTNR, ZUTATENNR, MENGE) VALUES (8, 14, 2.5);
INSERT INTO REZEPTEZUTAT(REZEPTNR, ZUTATENNR, MENGE) VALUES (8, 9, 2.5);
INSERT INTO REZEPTEZUTAT(REZEPTNR, ZUTATENNR, MENGE) VALUES (9, 13, 2.5);
INSERT INTO REZEPTEZUTAT(REZEPTNR, ZUTATENNR, MENGE) VALUES (9, 10, 2.5);
INSERT INTO REZEPTEZUTAT(REZEPTNR, ZUTATENNR, MENGE) VALUES (10, 12, 2.5);
INSERT INTO REZEPTEZUTAT(REZEPTNR, ZUTATENNR, MENGE) VALUES (10, 11, 2.5);

/* ------------------------------------ */
/* DIET */
/* ------------------------------------ */

INSERT INTO DIET(DIETNR, DIETNAME) VALUES (1, 'Vegetarisch');
INSERT INTO DIET(DIETNR, DIETNAME) VALUES (2, 'Vegan');
INSERT INTO DIET(DIETNR, DIETNAME) VALUES (3, 'Atkins');
INSERT INTO DIET(DIETNR, DIETNAME) VALUES (4, 'The zone');

/* ------------------------------------ */
/* DIETZUTAT (Hilfstabelle) */
/* ------------------------------------ */

INSERT INTO DIETZUTAT(DIETNR, ZUTATENNR) VALUES (1, 1);
INSERT INTO DIETZUTAT(DIETNR, ZUTATENNR) VALUES (1, 2);
INSERT INTO DIETZUTAT(DIETNR, ZUTATENNR) VALUES (1, 3);
INSERT INTO DIETZUTAT(DIETNR, ZUTATENNR) VALUES (1, 4);
INSERT INTO DIETZUTAT(DIETNR, ZUTATENNR) VALUES (1, 5);
INSERT INTO DIETZUTAT(DIETNR, ZUTATENNR) VALUES (1, 6);
INSERT INTO DIETZUTAT(DIETNR, ZUTATENNR) VALUES (1, 7);
INSERT INTO DIETZUTAT(DIETNR, ZUTATENNR) VALUES (1, 8);
INSERT INTO DIETZUTAT(DIETNR, ZUTATENNR) VALUES (2, 4);
INSERT INTO DIETZUTAT(DIETNR, ZUTATENNR) VALUES (2, 5);
INSERT INTO DIETZUTAT(DIETNR, ZUTATENNR) VALUES (2, 6);
INSERT INTO DIETZUTAT(DIETNR, ZUTATENNR) VALUES (2, 7);
INSERT INTO DIETZUTAT(DIETNR, ZUTATENNR) VALUES (2, 8);
INSERT INTO DIETZUTAT(DIETNR, ZUTATENNR) VALUES (2, 9);
INSERT INTO DIETZUTAT(DIETNR, ZUTATENNR) VALUES (2, 10);
INSERT INTO DIETZUTAT(DIETNR, ZUTATENNR) VALUES (3, 6);
INSERT INTO DIETZUTAT(DIETNR, ZUTATENNR) VALUES (3, 7);
INSERT INTO DIETZUTAT(DIETNR, ZUTATENNR) VALUES (3, 8);
INSERT INTO DIETZUTAT(DIETNR, ZUTATENNR) VALUES (3, 9);
INSERT INTO DIETZUTAT(DIETNR, ZUTATENNR) VALUES (3, 10);
INSERT INTO DIETZUTAT(DIETNR, ZUTATENNR) VALUES (3, 11);
INSERT INTO DIETZUTAT(DIETNR, ZUTATENNR) VALUES (3, 12);
INSERT INTO DIETZUTAT(DIETNR, ZUTATENNR) VALUES (3, 13);
INSERT INTO DIETZUTAT(DIETNR, ZUTATENNR) VALUES (3, 14);
INSERT INTO DIETZUTAT(DIETNR, ZUTATENNR) VALUES (3, 15);
INSERT INTO DIETZUTAT(DIETNR, ZUTATENNR) VALUES (3, 16);
INSERT INTO DIETZUTAT(DIETNR, ZUTATENNR) VALUES (3, 17);
INSERT INTO DIETZUTAT(DIETNR, ZUTATENNR) VALUES (3, 18);
INSERT INTO DIETZUTAT(DIETNR, ZUTATENNR) VALUES (4, 1);
INSERT INTO DIETZUTAT(DIETNR, ZUTATENNR) VALUES (4, 2);
INSERT INTO DIETZUTAT(DIETNR, ZUTATENNR) VALUES (4, 3);
INSERT INTO DIETZUTAT(DIETNR, ZUTATENNR) VALUES (4, 4);
INSERT INTO DIETZUTAT(DIETNR, ZUTATENNR) VALUES (4, 5);
INSERT INTO DIETZUTAT(DIETNR, ZUTATENNR) VALUES (4, 6);
INSERT INTO DIETZUTAT(DIETNR, ZUTATENNR) VALUES (4, 7);
INSERT INTO DIETZUTAT(DIETNR, ZUTATENNR) VALUES (4, 8);
INSERT INTO DIETZUTAT(DIETNR, ZUTATENNR) VALUES (4, 9);
INSERT INTO DIETZUTAT(DIETNR, ZUTATENNR) VALUES (4, 10);
INSERT INTO DIETZUTAT(DIETNR, ZUTATENNR) VALUES (4, 11);
INSERT INTO DIETZUTAT(DIETNR, ZUTATENNR) VALUES (4, 12);
INSERT INTO DIETZUTAT(DIETNR, ZUTATENNR) VALUES (4, 13);
INSERT INTO DIETZUTAT(DIETNR, ZUTATENNR) VALUES (4, 14);
INSERT INTO DIETZUTAT(DIETNR, ZUTATENNR) VALUES (4, 15);
INSERT INTO DIETZUTAT(DIETNR, ZUTATENNR) VALUES (4, 16);
INSERT INTO DIETZUTAT(DIETNR, ZUTATENNR) VALUES (4, 17);
INSERT INTO DIETZUTAT(DIETNR, ZUTATENNR) VALUES (4, 18);
INSERT INTO DIETZUTAT(DIETNR, ZUTATENNR) VALUES (4, 19);
INSERT INTO DIETZUTAT(DIETNR, ZUTATENNR) VALUES (4, 20);

/* ------------------------------------ */
/* DIETREZEPT (Hilfstabelle) */
/* ------------------------------------ */

INSERT INTO DIETREZEPTE(DIETNR, REZEPTNR) VALUES (1, 1);
INSERT INTO DIETREZEPTE(DIETNR, REZEPTNR) VALUES (1, 2);
INSERT INTO DIETREZEPTE(DIETNR, REZEPTNR) VALUES (1, 3);
INSERT INTO DIETREZEPTE(DIETNR, REZEPTNR) VALUES (2, 2);
INSERT INTO DIETREZEPTE(DIETNR, REZEPTNR) VALUES (2, 3);
INSERT INTO DIETREZEPTE(DIETNR, REZEPTNR) VALUES (2, 4);
INSERT INTO DIETREZEPTE(DIETNR, REZEPTNR) VALUES (2, 5);
INSERT INTO DIETREZEPTE(DIETNR, REZEPTNR) VALUES (3, 4);
INSERT INTO DIETREZEPTE(DIETNR, REZEPTNR) VALUES (3, 5);
INSERT INTO DIETREZEPTE(DIETNR, REZEPTNR) VALUES (3, 6);
INSERT INTO DIETREZEPTE(DIETNR, REZEPTNR) VALUES (3, 7);
INSERT INTO DIETREZEPTE(DIETNR, REZEPTNR) VALUES (3, 8);
INSERT INTO DIETREZEPTE(DIETNR, REZEPTNR) VALUES (4, 4);
INSERT INTO DIETREZEPTE(DIETNR, REZEPTNR) VALUES (4, 5);
INSERT INTO DIETREZEPTE(DIETNR, REZEPTNR) VALUES (4, 6);
INSERT INTO DIETREZEPTE(DIETNR, REZEPTNR) VALUES (4, 7);
INSERT INTO DIETREZEPTE(DIETNR, REZEPTNR) VALUES (4, 8);
INSERT INTO DIETREZEPTE(DIETNR, REZEPTNR) VALUES (4, 9);
INSERT INTO DIETREZEPTE(DIETNR, REZEPTNR) VALUES (4, 10);

/* ------------------------------------ */
/* ALLERGIE */
/* ------------------------------------ */

INSERT INTO ALLERGIE(ALLERGIENR, ALLERGIENAME) VALUES (1, 'Allergie 1');
INSERT INTO ALLERGIE(ALLERGIENR, ALLERGIENAME) VALUES (2, 'Allergie 2');

/* ------------------------------------ */
/* ALLERGIEZUTAT (Hilfstabelle) */
/* ------------------------------------ */

INSERT INTO ALLERGIEZUTAT(ALLERGIENR, ZUTATENNR) VALUES (1, 1);
INSERT INTO ALLERGIEZUTAT(ALLERGIENR, ZUTATENNR) VALUES (1, 2);
INSERT INTO ALLERGIEZUTAT(ALLERGIENR, ZUTATENNR) VALUES (1, 3);
INSERT INTO ALLERGIEZUTAT(ALLERGIENR, ZUTATENNR) VALUES (2, 9);
INSERT INTO ALLERGIEZUTAT(ALLERGIENR, ZUTATENNR) VALUES (2, 10);
INSERT INTO ALLERGIEZUTAT(ALLERGIENR, ZUTATENNR) VALUES (2, 11);
INSERT INTO ALLERGIEZUTAT(ALLERGIENR, ZUTATENNR) VALUES (2, 12);
INSERT INTO ALLERGIEZUTAT(ALLERGIENR, ZUTATENNR) VALUES (2, 13);
INSERT INTO ALLERGIEZUTAT(ALLERGIENR, ZUTATENNR) VALUES (2, 14);
INSERT INTO ALLERGIEZUTAT(ALLERGIENR, ZUTATENNR) VALUES (2, 15);
INSERT INTO ALLERGIEZUTAT(ALLERGIENR, ZUTATENNR) VALUES (2, 16);
INSERT INTO ALLERGIEZUTAT(ALLERGIENR, ZUTATENNR) VALUES (2, 17);
INSERT INTO ALLERGIEZUTAT(ALLERGIENR, ZUTATENNR) VALUES (2, 18);
INSERT INTO ALLERGIEZUTAT(ALLERGIENR, ZUTATENNR) VALUES (2, 19);
INSERT INTO ALLERGIEZUTAT(ALLERGIENR, ZUTATENNR) VALUES (2, 20);

/* ------------------------------------ */
/* ALLERGIEREZEPT (Hilfstabelle) */
/* ------------------------------------ */

INSERT INTO ALLERGIEREZEPTE(ALLERGIENR, REZEPTNR) VALUES (1, 1);
INSERT INTO ALLERGIEREZEPTE(ALLERGIENR, REZEPTNR) VALUES (1, 2);
INSERT INTO ALLERGIEREZEPTE(ALLERGIENR, REZEPTNR) VALUES (1, 3);
INSERT INTO ALLERGIEREZEPTE(ALLERGIENR, REZEPTNR) VALUES (1, 4);
INSERT INTO ALLERGIEREZEPTE(ALLERGIENR, REZEPTNR) VALUES (1, 5);
INSERT INTO ALLERGIEREZEPTE(ALLERGIENR, REZEPTNR) VALUES (2, 8);
INSERT INTO ALLERGIEREZEPTE(ALLERGIENR, REZEPTNR) VALUES (2, 9);
INSERT INTO ALLERGIEREZEPTE(ALLERGIENR, REZEPTNR) VALUES (2, 10);

COMMIT WORK;